id,text,category
1,"How can I reset my password?","Account Support"
2,"My payment was declined during checkout.","Billing"
3,"How do I update my email address?","Account Support"
4,"The application keeps crashing when I log in.","Technical Support"
5,"I was charged twice for my subscription.","Billing"
6,"How can I reset my password?","Account Support"
7,"  I cannot access my account.  ","Account Support"
8,"","Technical Support"
9,"The application is running very slowly.","Technical Support"
10,"How can I cancel my subscription?","Billing"
11,"I need help changing my payment method.","Billing"
12,"The application does not load my dashboard.","Technical Support"
13,"How do I change my account password?","Account Support"