instruction,input,response
"Respond to the customer support request.","I was charged twice for my subscription.","We are sorry about the duplicate charge. Please verify the transaction details and contact billing support so the duplicate payment can be reviewed."
"Respond to the customer support request.","My payment keeps getting declined.","Please verify that your payment details are correct and that sufficient funds are available. If the issue continues, contact your payment provider or billing support."
"Respond to the customer support request.","I want to update my payment method.","You can update your payment method from the billing section of your account settings. Save the new details before making your next payment."
"Respond to the customer support request.","I cannot log in to my account.","Please verify your login credentials and try resetting your password. If you still cannot access the account, contact account support."
"Respond to the customer support request.","I forgot my password.","Use the Forgot Password option on the login page to request a password-reset link and follow the instructions sent to your registered email address."
"Respond to the customer support request.","I need to change my account email.","Open your account settings and update the registered email address. You may be asked to verify the new email before the change is completed."
"Respond to the customer support request.","The application crashes when I open it.","Please restart the application and ensure that you are using the latest version. If the problem continues, reinstall the application or contact technical support."
"Respond to the customer support request.","The application is running very slowly.","Try restarting the application and closing unnecessary background programs. If performance remains slow, check your network connection and update the application."
"Respond to the customer support request.","I cannot connect to the service.","Please verify your internet connection and restart the application. If the service remains unavailable, check the service status or contact technical support."
"Respond to the customer support request.","My subscription was renewed unexpectedly.","Please review your subscription renewal settings and billing history. If the renewal was not intended, contact billing support to review the transaction."
"Respond to the customer support request.","I am not receiving the password reset email.","Check your spam or junk folder and confirm that you entered the email address registered with your account. You can request another reset email if required."
"Respond to the customer support request.","The latest update broke one of the features.","Please restart the application after the update and verify that you are running the latest release. If the feature remains unavailable, report the issue to technical support."